-- Complete Coursera-Level Smartwatch Course Content
-- Based on Official Short Circuit Smartwatch Project Documentation
-- This creates a professional learning management structure with:
-- - Training Materials (Foundation) - 13 lessons covering core concepts
-- - Module 1: System Boot - 3 tasks + 1 quiz + 1 video submission
-- - Module 2: Timekeeping - 3 tasks + 1 quiz + 1 video submission  
-- - Module 3: Inputs & Sensors - 3 tasks + 3 video submissions + 1 quiz
-- - Module 4: Final Integration - 4 tasks + 1 quiz + 1 video submission
-- - Module 5: Design Challenge - Challenge overview + 2 submissions

-- Clear existing course data
DELETE FROM quiz_questions WHERE lesson_id LIKE 'lesson-%';
DELETE FROM lessons WHERE course_id = 'smartwatch-course';
DELETE FROM course_modules WHERE course_id = 'smartwatch-course';
DELETE FROM courses WHERE id = 'smartwatch-course';

-- ========================================
-- MAIN COURSE
-- ========================================
INSERT INTO courses (id, title, description, product_id, thumbnail_url, total_lessons, total_quizzes, estimated_hours, is_published)
VALUES (
  'smartwatch-course',
  'Build Your Own Smartwatch: Embedded Firmware Engineering',
  'Design and implement a fully functioning smartwatch using the LilyGo T-Watch 2020 V3 platform. Write production-style firmware in C and C++ - the same languages used in industry for resource-constrained embedded systems. This comprehensive program covers driver development, RTOS integration, hardware abstraction, and professional firmware architecture.',
  'smartwatch',
  '/images/smartwatch-course-thumb.jpg',
  35,
  5,
  40,
  1
);

-- ========================================
-- MODULE 0: TRAINING MATERIALS (FOUNDATION)
-- ========================================
INSERT INTO course_modules (id, course_id, title, description, order_index, is_published)
VALUES ('mod-training', 'smartwatch-course', 'Training Materials', 'Essential embedded systems concepts and programming fundamentals. Complete these foundational lessons before starting the project modules.', 0, 1);

-- Training Material Lessons
INSERT INTO lessons (id, module_id, course_id, title, description, content_type, content_json, order_index, duration_minutes, is_published)
VALUES 
-- Overview Video
('lesson-t-overview', 'mod-training', 'smartwatch-course', 'Complete Project Overview', 'Watch this comprehensive overview of the entire smartwatch project and what you will build.', 'video',
'{"video_url":"https://www.youtube.com/watch?v=52L8VP05elU","video_type":"youtube","sections":[{"title":"What You Will Build","content":"A fully functioning smartwatch with real-time clock, touch interface, step counting, Wi-Fi connectivity, and custom screens. This is not a simulation - you will write production-quality firmware for real hardware."},{"title":"Learning Outcomes","content":"By the end of this program you will understand embedded C/C++ programming, hardware abstraction layers, RTOS task management, interrupt handling, I2C communication, and professional firmware architecture."},{"title":"Support","content":"If you need help, email support@shortcct.com with your specific questions and a zip file including your project directory. Virtual support is available for 3 months after your product delivery date."}],"resources":[{"title":"GitHub Repository","url":"https://github.com/short-circuit-projects/smartwatch","type":"github"},{"title":"T-Watch Schematic","url":"#","type":"document"},{"title":"T-Watch Pinout","url":"#","type":"document"}]}',
0, 20, 1),

-- Modular Architecture
('lesson-t-modular', 'mod-training', 'smartwatch-course', 'Modular Architecture', 'Learn how professional embedded firmware is structured for maintainability, debugging, and scalability.', 'text',
'{"sections":[{"title":"Why Modular Design?","content":"In professional embedded systems, firmware is rarely written as a single file. Instead, it is structured to be modular, maintainable, and scalable so that systems can grow, be debugged efficiently, and be worked on by multiple engineers."},{"title":"Directory Structure","content":"In PlatformIO it is recommended that you use the /include and /src directories for your header (.h) and source (.c/.cpp) files respectively.\n\n```\nproject/\n  include/\n    power.h\n    display.h\n    sensors.h\n  src/\n    power.cpp\n    display.cpp\n    sensors.cpp\n    main.cpp\n```"},{"title":"Benefits","content":"This organization makes each component independent and easier to debug, extend, or replace. Clean file boundaries allow different parts of the program to interact through well-defined interfaces."},{"title":"Key Principle","content":"Separate WHAT a module provides (declared in header files) from HOW it works (implemented in source files)."}],"key_points":["Modular design improves maintainability and scalability","Use /include for headers and /src for source files","Each module handles a specific responsibility","Clean interfaces allow independent testing"]}',
1, 15, 1),

-- File Structure
('lesson-t-files', 'mod-training', 'smartwatch-course', 'File Structure: Headers and Source Files', 'Understand the roles of header files (.h) and source files (.c/.cpp) in embedded projects.', 'text',
'{"sections":[{"title":"Header Files (.h)","content":"Header files define the interface and contain declarations - not executable code. They describe WHAT a module provides, not HOW it works.\n\n**Contents:**\n- Function prototypes\n- Constant definitions\n- Data type declarations (struct, enum, typedef)\n- Class declarations (C++)"},{"title":"Include Guards","content":"Always protect header files from multiple inclusion:\n\n```c\n#ifndef POWER_H\n#define POWER_H\n\n// Declarations here\nvoid initPower();\nint getBatteryPercent();\n\n#endif\n```"},{"title":"C Source Files (.c)","content":"Contain the actual implementations of functions declared in headers. This is where executable code lives.\n\n**Contents:**\n- Function definitions\n- Internal helper functions (often marked static)\n- Low-level driver logic"},{"title":"C++ Source Files (.cpp)","content":"Used when the project relies on C++ features like classes, objects, and encapsulation. Commonly used when interacting with Arduino or FreeRTOS libraries."}],"key_points":["Headers declare interfaces, source files implement them","Use include guards to prevent multiple inclusion","Mark internal helpers as static for encapsulation","C++ enables object-oriented design patterns"]}',
2, 15, 1),

-- Project Layers
('lesson-t-layers', 'mod-training', 'smartwatch-course', 'Project Layers', 'Learn the five-layer architecture model for professional embedded firmware.', 'text',
'{"sections":[{"title":"Layer 1: Hardware","content":"The physical electronics: microcontrollers, sensors, displays, and power components. No software exists at this level - all higher layers ultimately interact with the hardware."},{"title":"Layer 2: Hardware Abstraction Layer (HAL)","content":"The lowest level of software that interacts directly with hardware. Its purpose is to provide readable and reusable APIs that abstract away hardware registers and device-specific behavior.\n\n**Example:** A function like `i2c_write(addr, data)` hides the complexity of register manipulation."},{"title":"Layer 3: OS/Middleware/Service Layer","content":"Sits above hardware drivers and provides reusable software services:\n- Task scheduling (RTOS)\n- Timing services\n- Communication stacks\n- Sensor management\n\nIn systems using an RTOS, this layer includes OS services and middleware components."},{"title":"Layer 4: Application Logic Layer","content":"The \"brain\" of the device. Manages system states, decision-making, and interactions between components. Implements the product''s functionality without being tied to specific hardware details."},{"title":"Layer 5: Application Interface Layer","content":"The topmost layer responsible for presenting information to users or exposing APIs to other systems:\n- User interfaces\n- Display logic\n- Input handling\n- External communication"}],"key_points":["5-layer model: Hardware > HAL > Middleware > Logic > Interface","HAL isolates hardware-specific code from application logic","Layered design improves portability and maintainability","Not every project needs all 5 layers explicitly"]}',
3, 20, 1),

-- Pointers and References
('lesson-t-pointers', 'mod-training', 'smartwatch-course', 'Pointers and References', 'Master memory addresses, pointer arithmetic, and safe data passing techniques.', 'text',
'{"sections":[{"title":"What is a Pointer?","content":"A pointer is a variable that stores the memory address of another variable.\n\n```c\nint x = 42;\nint *ptr;        // Declare pointer\nptr = &x;        // Store address of x\n*ptr = 10;       // Modify x through pointer\n```"},{"title":"Why Pointers Matter in Embedded","content":"In embedded systems, pointers are essential for:\n- Passing large data structures without copying\n- Allowing functions to modify variables directly\n- Interfacing with hardware registers and memory-mapped I/O\n- Managing buffers, arrays, and shared state between tasks"},{"title":"Passing by Value vs Pointer","content":"```c\nvoid byValue(int x) {\n    x = 10;  // Only modifies local copy\n}\n\nvoid byPointer(int *x) {\n    *x = 10; // Modifies original variable\n}\n```"},{"title":"Pointers to Structures","content":"Use the arrow operator (->) for accessing members through pointers:\n\n```c\nstruct Sensor { int value; };\nstruct Sensor *s;\ns->value = 100;  // Same as (*s).value = 100\n```"},{"title":"The const Keyword","content":"- `const int *p` - pointer to constant data (cannot modify data)\n- `int *const p` - constant pointer (cannot change address)\n- `const int *const p` - both constant"}],"key_points":["Pointers store memory addresses","Use & to get address, * to dereference","Pass by pointer to modify original data","Use const to protect data and prevent bugs"],"resources":[{"title":"Pointers Tutorial Video","url":"https://www.youtube.com/watch?v=syy-3fVicUc","type":"youtube"}]}',
4, 25, 1),

-- Bit Manipulation
('lesson-t-bits', 'mod-training', 'smartwatch-course', 'Bit Manipulation', 'Learn bitwise operators essential for working with hardware registers and sensor data.', 'text',
'{"sections":[{"title":"Why Bit Manipulation?","content":"Embedded hardware frequently represents information using individual bits, bit fields, and packed binary values. Configuration registers, status flags, and sensor data are often encoded in ways that require firmware to extract or modify specific bits.\n\n**Example:** The PCF8563 RTC stores the hour value in just 6 bits, while bit 7 indicates clock integrity."},{"title":"Bitwise Operators","content":"| Operator | Purpose | Example |\n|----------|---------|--------|\n| & (AND) | Clear/select bits | `value & 0x7F` clears bit 7 |\n| \\| (OR) | Set bits | `value \\| 0x80` sets bit 7 |\n| ^ (XOR) | Toggle bits | `value ^ 0x01` flips bit 0 |\n| ~ (NOT) | Invert all | `~0x0F` gives `0xF0` |\n| << | Left shift | `1 << 3` gives `0x08` |\n| >> | Right shift | `0x80 >> 4` gives `0x08` |"},{"title":"Bit Masking","content":"A bit mask is a predefined pattern used to isolate or manipulate specific bits:\n\n```c\n// Extract lower 7 bits (clear bit 7)\nuint8_t seconds = raw_value & 0x7F;\n\n// Set bit 3\nreg |= (1 << 3);\n\n// Clear bit 2\nreg &= ~(1 << 2);\n\n// Toggle bit 1\nreg ^= (1 << 1);\n```"},{"title":"BCD Conversion","content":"Many RTCs use Binary Coded Decimal (BCD) format:\n\n```c\nuint8_t bcdToDec(uint8_t bcd) {\n    return (bcd >> 4) * 10 + (bcd & 0x0F);\n}\n\nuint8_t decToBcd(uint8_t dec) {\n    return ((dec / 10) << 4) | (dec % 10);\n}\n```"}],"key_points":["Hardware registers use individual bits for flags/values","AND (&) clears bits, OR (|) sets bits, XOR (^) toggles","Use masks to isolate specific bit fields","BCD format is common in RTC chips"],"resources":[{"title":"Binary and Bitwise Operators","url":"https://www.youtube.com/watch?v=WBim3afbYQw","type":"youtube"}]}',
5, 20, 1),

-- I2C Communication
('lesson-t-i2c', 'mod-training', 'smartwatch-course', 'I2C Communication', 'Understand the I2C protocol for communicating with sensors and peripherals.', 'text',
'{"sections":[{"title":"What is I2C?","content":"I2C (Inter-Integrated Circuit) is a widely used two-wire serial communication protocol for connecting microcontrollers to peripheral devices such as sensors, displays, real-time clocks, and power-management ICs.\n\n**Bus signals:**\n- SCL: Serial clock line (driven by master)\n- SDA: Bidirectional data line"},{"title":"Hardware Requirements","content":"I2C uses an open-drain configuration - devices can only pull lines LOW, never drive HIGH. External pull-up resistors (typically 4.7k ohms) are required.\n\n**Good news:** On the T-Watch platform, the required pull-up resistors are already present on the board."},{"title":"Addressing","content":"Each slave device has a unique 7-bit address (e.g., 0x51 for RTC, 0x38 for touch controller). Multiple devices share the same SDA and SCL lines."},{"title":"Transaction Sequence","content":"Every I2C transaction follows this sequence:\n1. START condition\n2. Slave address + R/W bit\n3. ACK from receiver\n4. Data bytes (with ACKs)\n5. STOP condition"},{"title":"ESP32 Implementation","content":"```cpp\n#include <Wire.h>\n\nvoid setup() {\n    Wire.begin(SDA_PIN, SCL_PIN);\n}\n\nvoid readRegister(uint8_t addr, uint8_t reg) {\n    Wire.beginTransmission(addr);\n    Wire.write(reg);\n    Wire.endTransmission();\n    Wire.requestFrom(addr, 1);\n    return Wire.read();\n}\n```"},{"title":"Error Handling","content":"Always check return values! On ESP32, functions typically return esp_err_t. Check for ESP_OK to ensure successful communication."}],"key_points":["I2C uses two wires: SDA (data) and SCL (clock)","Each device has a unique 7-bit address","Pull-up resistors are required (already on T-Watch)","Always check return values for errors"],"resources":[{"title":"I2C Protocol Overview","url":"https://www.youtube.com/watch?v=CAvawEcxoPU","type":"youtube"}]}',
6, 25, 1),

-- Object-Oriented Basics
('lesson-t-oop', 'mod-training', 'smartwatch-course', 'Object-Oriented Programming Basics', 'Learn C++ classes and objects for managing hardware complexity.', 'text',
'{"sections":[{"title":"Why OOP in Embedded?","content":"Object-oriented programming helps manage complexity by encapsulating hardware control logic within classes. This is common when building drivers for displays, sensors, or communication interfaces."},{"title":"Classes and Objects","content":"A **class** is a blueprint for data and functions. It defines what data an object holds and what operations it can perform.\n\nAn **object** is an instance of a class that exists in memory. Each object maintains its own internal state.\n\n```cpp\nclass Display {\nprivate:\n    int brightness;\n    bool isOn;\n    \npublic:\n    void init();\n    void setBrightness(int level);\n    void drawText(const char* text);\n};\n\n// Create objects\nDisplay mainDisplay;    // Instance 1\nDisplay secondDisplay;  // Instance 2\n```"},{"title":"Member Variables and Functions","content":"**Member variables** store the internal state of an object.\n\n**Member functions** define the behavior and operate on member variables.\n\nEach object gets its own copy of member variables, allowing multiple instances to operate independently."},{"title":"Access Specifiers","content":"**public:** Accessible from outside the class - the official interface\n**private:** Only accessible within the class - internal implementation\n\n```cpp\ntemp.getValue();    // OK - public method\ntemp.rawValue = 5;  // ERROR - private variable\n```"},{"title":"Constructors","content":"Special functions that initialize member variables when an object is created:\n\n```cpp\nclass Motor {\npublic:\n    Motor(int pin) {\n        controlPin = pin;\n        speed = 0;\n    }\nprivate:\n    int controlPin;\n    int speed;\n};\n```"}],"key_points":["Classes are blueprints, objects are instances","Member variables store state, member functions define behavior","Use public for interfaces, private for implementation","Constructors initialize objects when created"]}',
7, 20, 1),

-- RTOS
('lesson-t-rtos', 'mod-training', 'smartwatch-course', 'Real Time Operating System (RTOS)', 'Learn FreeRTOS fundamentals for concurrent task management.', 'text',
'{"sections":[{"title":"What is RTOS?","content":"A Real Time Operating System enables multiple pieces of code, known as tasks, to execute seemingly at the same time on a single processor. This is achieved through rapid context switching, where the scheduler determines which task runs at any given moment based on priority and timing requirements."},{"title":"Tasks","content":"A task represents an independent thread of execution with its own stack and context.\n\n```cpp\nvoid sensorTask(void *param) {\n    while(1) {\n        readSensors();\n        vTaskDelay(pdMS_TO_TICKS(100));\n    }\n}\n\n// Create task\nxTaskCreate(\n    sensorTask,    // Function\n    \"Sensors\",     // Name\n    2048,          // Stack size\n    NULL,          // Parameters\n    1,             // Priority\n    NULL           // Handle\n);\n```"},{"title":"Task Guidelines","content":"- Tasks must never return (use infinite loop)\n- Use vTaskDelay() instead of blocking delays\n- Allocate sufficient stack space\n- Too many tasks increases overhead"},{"title":"Semaphores and Mutexes","content":"**Binary Semaphore:** Acts as a signal or flag. Used to notify tasks when events occur.\n\n```cpp\nSemaphoreHandle_t dataReady = xSemaphoreCreateBinary();\n\n// In ISR\nxSemaphoreGiveFromISR(dataReady, NULL);\n\n// In task\nxSemaphoreTake(dataReady, portMAX_DELAY);\n```\n\n**Mutex:** Protects shared resources. Ensures only one task accesses a resource at a time.\n\n```cpp\nSemaphoreHandle_t i2cMutex = xSemaphoreCreateMutex();\n\nxSemaphoreTake(i2cMutex, portMAX_DELAY);\n// Access I2C bus safely\nxSemaphoreGive(i2cMutex);\n```"}],"key_points":["RTOS enables concurrent execution through task scheduling","Tasks must use vTaskDelay(), not blocking delays","Semaphores signal events between tasks/ISRs","Mutexes protect shared resources from race conditions"],"resources":[{"title":"FreeRTOS Tutorial","url":"https://www.youtube.com/watch?v=F321087yYy4&list=PLEBQazB0HUyQ4hAPU1cJED6t3DU0h34bz&index=1","type":"youtube"}]}',
8, 30, 1),

-- Static and Volatile
('lesson-t-static-volatile', 'mod-training', 'smartwatch-course', 'Static and Volatile Keywords', 'Understand these critical keywords for safe embedded development.', 'text',
'{"sections":[{"title":"The Static Keyword","content":"**Inside functions:** Variable retains its value between calls\n```c\nvoid counter() {\n    static int count = 0;  // Initialized once\n    count++;               // Persists across calls\n}\n```\n\n**For global variables/functions:** Limits visibility to the source file (file-scoping)\n```c\nstatic int internalState;  // Only visible in this file\nstatic void helperFunc();  // Private to this file\n```"},{"title":"The Volatile Keyword","content":"Tells the compiler that a variable''s value may change at any time, even if the current code doesn''t modify it.\n\n**Why it matters:** Without volatile, the compiler may optimize by caching values in registers, missing updates from ISRs or hardware.\n\n```c\nvolatile bool buttonPressed = false;\n\nvoid IRAM_ATTR buttonISR() {\n    buttonPressed = true;  // Modified by interrupt\n}\n\nvoid loop() {\n    if (buttonPressed) {  // Must read from memory\n        // Handle button\n        buttonPressed = false;\n    }\n}\n```"},{"title":"Using Both Together","content":"Common pattern for ISR-shared variables:\n\n```c\nstatic volatile bool dataReady = false;\n```\n\n**static:** Keeps variable private to this file\n**volatile:** Ensures ISR changes are visible"},{"title":"When to Use","content":"- **static:** Local variables that need persistence, file-private globals\n- **volatile:** Variables modified by ISRs, hardware registers, variables shared between tasks without mutex protection"}],"key_points":["static preserves value between calls or limits file scope","volatile forces memory access, prevents optimization issues","Use volatile for all ISR-shared variables","Combine both for file-private ISR-shared state"]}',
9, 15, 1),

-- Timing and Scheduling
('lesson-t-timing', 'mod-training', 'smartwatch-course', 'Timing and Scheduling', 'Master blocking vs non-blocking delays and hardware timers.', 'text',
'{"sections":[{"title":"Why Timing Matters","content":"In a smartwatch, nearly every subsystem depends on precise and predictable timing:\n- Screen refreshes\n- Accelerometer interrupts\n- Power management\n- Step counting\n- Touch input\n- Battery polling\n\nPoor timing decisions lead to missed events, sluggish UI, excessive power consumption, or system instability."},{"title":"Blocking Delays - AVOID","content":"Halts program execution entirely. The processor cannot do anything else.\n\n```cpp\ndelay(1000);  // BAD - freezes everything for 1 second\n```\n\n**Problems:**\n- Freezes UI and animations\n- Disrupts step counting\n- Wastes power (CPU active but idle)\n- Misses sensor events"},{"title":"Non-Blocking Delays - BASIC","content":"Check elapsed time without stopping execution:\n\n```cpp\nunsigned long lastUpdate = 0;\n\nvoid loop() {\n    if (millis() - lastUpdate > 1000) {\n        updateDisplay();\n        lastUpdate = millis();\n    }\n    // Other code continues running\n}\n```\n\nGood for early development and simple polling loops."},{"title":"RTOS Timing - RECOMMENDED","content":"Once using FreeRTOS, use vTaskDelay():\n\n```cpp\nvoid displayTask(void *param) {\n    while(1) {\n        updateDisplay();\n        vTaskDelay(pdMS_TO_TICKS(40));  // ~25 FPS\n    }\n}\n```\n\n**Benefits:**\n- Task suspends, scheduler runs other tasks\n- System remains responsive\n- Power efficient"},{"title":"Debouncing","content":"Physical buttons produce multiple electrical transitions per press. Debouncing filters these over time to detect single, intentional inputs.\n\n```cpp\nif (digitalRead(BUTTON) == LOW) {\n    delay(50);  // Simple debounce delay\n    if (digitalRead(BUTTON) == LOW) {\n        // Valid button press\n    }\n}\n```"}],"key_points":["Avoid blocking delays in production firmware","Use non-blocking checks (millis()) for simple polling","Use vTaskDelay() when running RTOS tasks","Debounce physical inputs to filter noise"]}',
10, 20, 1),

-- Interrupts and ISRs
('lesson-t-interrupts', 'mod-training', 'smartwatch-course', 'Interrupts and ISRs', 'Learn low-latency hardware event handling.', 'text',
'{"sections":[{"title":"What is an Interrupt?","content":"A hardware or software signal that temporarily pauses normal program execution so the processor can respond immediately to an important event.\n\n**Use cases:**\n- Button presses\n- Sensor data ready\n- Touch events\n- Power management alerts"},{"title":"How Interrupts Work","content":"1. Event occurs (button pressed)\n2. Processor pauses current execution\n3. Saves internal state (registers, program counter)\n4. Jumps to Interrupt Service Routine (ISR)\n5. ISR executes quickly\n6. Returns to original program flow"},{"title":"IRAM_ATTR Attribute","content":"On ESP32, application code runs from external flash memory. If an interrupt occurs while flash is busy, the system can crash.\n\n**Solution:** Use IRAM_ATTR to place ISR code in internal RAM:\n\n```cpp\nvoid IRAM_ATTR buttonISR() {\n    buttonPressed = true;  // Quick - just set flag\n}\n```"},{"title":"Trigger Types","content":"- **Falling edge:** HIGH to LOW transition\n- **Rising edge:** LOW to HIGH transition\n- **Change:** Any transition\n- **Level:** While signal is at a certain level\n\nThe T-Watch uses falling edge interrupts for touch and accelerometer."},{"title":"ISR Best Practices","content":"1. Keep ISRs extremely short\n2. Only set flags or signal semaphores\n3. Never use blocking calls or Serial.print()\n4. Clear interrupt status registers (e.g., axp.clearIRQ())\n5. Defer all heavy processing to tasks\n\n```cpp\nvolatile bool touchEvent = false;\n\nvoid IRAM_ATTR touchISR() {\n    touchEvent = true;  // Just set flag\n}\n\nvoid loop() {\n    if (touchEvent) {\n        touchEvent = false;\n        handleTouch();  // Heavy processing here\n    }\n}\n```"}],"key_points":["Interrupts enable near-instant response to events","Use IRAM_ATTR for all hardware ISRs on ESP32","Keep ISRs minimal - set flags, signal semaphores","Defer heavy processing to main code or tasks"]}',
11, 20, 1),

-- Finite State Machine
('lesson-t-fsm', 'mod-training', 'smartwatch-course', 'Finite State Machine (FSM)', 'Model complex system behavior with states and transitions.', 'text',
'{"sections":[{"title":"What is an FSM?","content":"A finite state machine is a structured model that organizes system behavior into a finite number of well-defined states, with clear rules governing transitions between those states.\n\n**Why use FSMs:**\n- Makes behavior predictable and modular\n- Easy to reason about and debug\n- Natural fit for UI navigation, power modes, protocols"},{"title":"Components","content":"**States:** Distinct modes of operation (Home screen, Settings, Sleep)\n\n**Transitions:** Rules for moving between states (button press, timeout)\n\n**Actions:** Behavior when entering, during, or exiting a state"},{"title":"Example: Screen Navigation","content":"```cpp\nenum ScreenState {\n    HOME_SCREEN,\n    STEPS_SCREEN,\n    WIFI_SCREEN,\n    STOPWATCH_SCREEN\n};\n\nScreenState currentScreen = HOME_SCREEN;\n\nvoid handleButton() {\n    switch (currentScreen) {\n        case HOME_SCREEN:\n            currentScreen = STEPS_SCREEN;\n            break;\n        case STEPS_SCREEN:\n            currentScreen = WIFI_SCREEN;\n            break;\n        // ...\n    }\n}\n\nvoid updateDisplay() {\n    switch (currentScreen) {\n        case HOME_SCREEN:\n            drawHomeScreen();\n            break;\n        case STEPS_SCREEN:\n            drawStepsScreen();\n            break;\n        // ...\n    }\n}\n```"},{"title":"Implementation Tips","content":"- Use enums for state values (readable, compiler-checked)\n- Keep state logic isolated in functions\n- Consider function pointers for complex systems\n- FSMs integrate well with RTOS task modes"}],"key_points":["FSMs organize behavior into discrete states","Use enums for type-safe state representation","Transitions are triggered by events or conditions","Ideal for UI navigation, power modes, protocols"]}',
12, 20, 1),

-- Networking
('lesson-t-networking', 'mod-training', 'smartwatch-course', 'Networking and Wi-Fi', 'Connect your smartwatch to Wi-Fi and synchronize time.', 'text',
'{"sections":[{"title":"ESP32 Wi-Fi Capabilities","content":"The ESP32 includes an integrated Wi-Fi radio and full TCP/IP networking stack. It can function like a small computer on a local network.\n\n**Important:** ESP32 supports only 2.4 GHz Wi-Fi networks. If your router uses 5 GHz only, use a mobile hotspot instead."},{"title":"Operating Modes","content":"**Station Mode:** Connect to an existing network (home router, hotspot)\n**Access Point Mode:** Create your own network that other devices connect to\n\nFor smartwatch applications, station mode is typically used."},{"title":"Connection Example","content":"```cpp\n#include <WiFi.h>\n\nconst char* ssid = \"YourNetworkName\";\nconst char* password = \"YourPassword\";\n\nvoid setup() {\n    WiFi.begin(ssid, password);\n    \n    while (WiFi.status() != WL_CONNECTED) {\n        delay(500);\n    }\n    // Connected!\n}\n```"},{"title":"NTP Time Synchronization","content":"Network Time Protocol allows synchronizing the RTC with internet time servers:\n\n```cpp\n#include <time.h>\n\nconst long gmtOffset = -18000;  // EST (UTC-5)\nconst int daylightOffset = 3600;\nconst char* ntpServer = \"pool.ntp.org\";\n\nvoid syncTime() {\n    configTime(gmtOffset, daylightOffset, ntpServer);\n    \n    struct tm timeinfo;\n    if (getLocalTime(&timeinfo)) {\n        // Update RTC with synced time\n    }\n}\n```"},{"title":"Power Considerations","content":"Wi-Fi connections consume significant power. Best practices:\n- Connect only when needed (startup, manual sync)\n- Disconnect after syncing\n- Use sleep modes when Wi-Fi is not required"}],"key_points":["ESP32 supports 2.4 GHz Wi-Fi only","Use station mode to connect to existing networks","NTP provides accurate internet time synchronization","Disable Wi-Fi when not needed to save battery"]}',
13, 20, 1);

-- ========================================
-- MODULE 1: SYSTEM BOOT
-- ========================================
INSERT INTO course_modules (id, course_id, title, description, order_index, is_published)
VALUES ('mod-1', 'smartwatch-course', 'Module 1: System Boot', 'Bring the smartwatch to life by initializing system power, displaying output on the screen, and handling hardware interrupts. By the end of this module, the watch should boot, display text, and respond to button presses.', 1, 1);

-- Module 1 Lessons
INSERT INTO lessons (id, module_id, course_id, title, description, content_type, content_json, order_index, duration_minutes, is_published)
VALUES 
('lesson-1-task1', 'mod-1', 'smartwatch-course', 'Task 1: Initialize System Power', 'Configure the AXP202 power management system for device boot.', 'text',
'{"sections":[{"title":"Objective","content":"Configure the power management system so the watch can boot and supply power to required peripherals."},{"title":"Background","content":"The AXP202 is a Power Management IC (PMIC) that controls power delivery to all components on the T-Watch. Before anything else can work, you must initialize this chip and enable the correct power rails."},{"title":"Implementation Steps","content":"1. **Use the AXP20X.h library** to control the AXP202 power management IC\n\n2. **Establish I2C communication** with the AXP202\n   - The AXP202 communicates over I2C\n   - Check the schematic for correct pins\n\n3. **Identify required power rails** using the schematic\n   - Which LDO powers the display backlight?\n   - Which LDO powers the ESP32?\n   - Which powers the sensors?\n\n4. **Enable the appropriate LDOs** to power the system and display\n\n5. **Review example code** provided by the AXP20X library"},{"title":"Code Structure","content":"```cpp\n// power.h\n#ifndef POWER_H\n#define POWER_H\n\nvoid initPower();\nint getBatteryPercent();\nbool isCharging();\n\n#endif\n\n// power.cpp\n#include <Wire.h>\n#include <axp20x.h>\n#include \"power.h\"\n\nAXP20X_Class axp;\n\nvoid initPower() {\n    Wire.begin(/* SDA, SCL pins */);\n    \n    if (!axp.begin(Wire)) {\n        // Handle error\n    }\n    \n    // Enable required LDOs\n    axp.setPowerOutPut(/* LDO channel */, AXP202_ON);\n}\n```"},{"title":"Deliverable Files","content":"- `power.h` - Function declarations\n- `power.cpp` - AXP202 initialization and control"}],"key_points":["AXP202 controls power to all components","Use I2C to communicate with the PMIC","Enable LDOs for display and peripherals","Check schematic for pin assignments"],"resources":[{"title":"AXP202 Datasheet","url":"#","type":"document"},{"title":"T-Watch Schematic","url":"#","type":"document"},{"title":"AXP20X Library","url":"https://github.com/lewisxhe/AXP202X_Library","type":"github"}]}',
0, 45, 1),

('lesson-1-task2', 'mod-1', 'smartwatch-course', 'Task 2: Display Text Using TFT_eSPI', 'Verify display functionality by rendering text after boot.', 'text',
'{"sections":[{"title":"Objective","content":"Verify that the display is functioning by printing text after system boot."},{"title":"Background","content":"The T-Watch uses an ST7789V display controller with a 240x240 pixel TFT LCD. The TFT_eSPI library provides optimized graphics functions for this display."},{"title":"Implementation Steps","content":"1. **Use the TFT_eSPI library** to interface with the ST7789V display\n\n2. **Initialize the display** before writing any graphics\n   - Set rotation appropriate for watch orientation\n   - Clear the screen with a background color\n\n3. **Print \"Hello World\"** after boot\n\n4. **Experiment** with text color, background color, and position"},{"title":"Code Structure","content":"```cpp\n// display.h\n#ifndef DISPLAY_H\n#define DISPLAY_H\n\nvoid initDisplay();\nvoid clearScreen();\nvoid drawText(const char* text, int x, int y);\nvoid setBacklight(int brightness);\n\n#endif\n\n// display.cpp\n#include <TFT_eSPI.h>\n#include \"display.h\"\n\nTFT_eSPI tft = TFT_eSPI();\n\nvoid initDisplay() {\n    tft.init();\n    tft.setRotation(2);  // Adjust as needed\n    tft.fillScreen(TFT_BLACK);\n    tft.setTextColor(TFT_WHITE, TFT_BLACK);\n    tft.setTextSize(2);\n}\n\nvoid drawText(const char* text, int x, int y) {\n    tft.drawString(text, x, y);\n}\n```"},{"title":"Testing","content":"After implementing, your watch should:\n1. Power on without errors\n2. Display \"Hello World\" centered on screen\n3. Show clear, readable text"},{"title":"Deliverable Files","content":"- `display.h` - Display function declarations\n- `display.cpp` - Display initialization and drawing"}],"key_points":["TFT_eSPI is optimized for ESP32 displays","Initialize display after power is configured","Set rotation to match watch orientation","Use setTextColor for foreground and background"],"resources":[{"title":"ST7789V Datasheet","url":"#","type":"document"},{"title":"TFT_eSPI Library","url":"https://github.com/Bodmer/TFT_eSPI","type":"github"}]}',
1, 45, 1),

('lesson-1-task3', 'mod-1', 'smartwatch-course', 'Task 3: Power Button Interrupt', 'Implement hardware interrupt to toggle display state.', 'text',
'{"sections":[{"title":"Objective","content":"Use a hardware interrupt to toggle the display on and off using the side button."},{"title":"Background","content":"The side button on the T-Watch is connected to an interrupt pin on the AXP202 power management IC. When pressed, it generates an interrupt that your firmware must handle."},{"title":"Implementation Steps","content":"1. **Identify the correct interrupt pin** using the schematic\n   - The side button connects through AXP202, not directly to ESP32\n   - Check for AXP interrupt (IRQ) pin connection\n\n2. **Create an ISR** with the IRAM_ATTR attribute\n   - Keep it minimal - just set a flag\n\n3. **In main loop**, check the flag and:\n   - Clear the interrupt with `axp.clearIRQ()`\n   - Toggle display state\n\n4. **Configure the AXP202** to generate interrupts on button press"},{"title":"Code Pattern","content":"```cpp\n// In power.cpp or main.cpp\nvolatile bool buttonPressed = false;\n\nvoid IRAM_ATTR buttonISR() {\n    buttonPressed = true;\n}\n\nvoid setup() {\n    initPower();\n    initDisplay();\n    \n    // Configure interrupt pin\n    pinMode(AXP_INT_PIN, INPUT_PULLUP);\n    attachInterrupt(AXP_INT_PIN, buttonISR, FALLING);\n    \n    // Enable AXP button interrupt\n    axp.enableIRQ(AXP202_PEK_SHORTPRESS_IRQ, true);\n}\n\nvoid loop() {\n    if (buttonPressed) {\n        buttonPressed = false;\n        axp.readIRQ();\n        \n        if (axp.isPEKShortPressIRQ()) {\n            toggleDisplay();\n        }\n        \n        axp.clearIRQ();\n    }\n}\n```"},{"title":"Important Notes","content":"- Always use `IRAM_ATTR` for hardware ISRs on ESP32\n- Never do heavy processing in the ISR\n- Always clear the interrupt status after handling\n- The AXP202 provides different interrupt types (short press, long press)"}],"key_points":["Button interrupt comes through AXP202","Use IRAM_ATTR for ESP32 ISR functions","Keep ISR minimal - just set a flag","Clear interrupt status after handling"],"callout":{"type":"warning","content":"Never call Serial.print(), delay(), or other blocking functions inside an ISR. This can crash your system."}}',
2, 60, 1),

('lesson-1-demo', 'mod-1', 'smartwatch-course', 'Module 1 Demo Submission', 'Submit a video demonstrating your Module 1 implementation.', 'submission',
'{"instructions":"Record a video demonstrating your completed Module 1 implementation. Your video should show:\n\n1. **System Boot** - Watch powering on successfully\n2. **Display Output** - \"Hello World\" or custom text displayed\n3. **Button Response** - Pressing the side button toggles the display\n\n**Video Requirements:**\n- 30 seconds to 2 minutes\n- Show the physical watch and screen clearly\n- Demonstrate each feature working\n- Brief verbal or text explanation is helpful but not required\n\n**Upload your project files as a ZIP including:**\n- power.h and power.cpp\n- display.h and display.cpp\n- main.cpp\n- platformio.ini","submission_type":"video","required_files":["power.h","power.cpp","display.h","display.cpp","main.cpp"],"rubric":[{"criteria":"Power initialization","points":25,"description":"AXP202 correctly initialized with required LDOs enabled"},{"criteria":"Display output","points":25,"description":"Text displays clearly on screen after boot"},{"criteria":"Button interrupt","points":30,"description":"Side button toggles display using interrupt-driven approach"},{"criteria":"Code quality","points":20,"description":"Clean file structure, proper abstractions, documented code"}]}',
3, 30, 1),

('lesson-1-quiz', 'mod-1', 'smartwatch-course', 'Module 1 Quiz', 'Test your understanding of system initialization concepts.', 'quiz',
'{"passing_score":70,"time_limit":15,"attempts_allowed":3,"instructions":"This quiz tests your understanding of the concepts covered in Module 1. You need 70% to pass."}',
4, 15, 1);

-- Module 1 Quiz Questions
INSERT INTO quiz_questions (id, lesson_id, question_text, question_type, options_json, correct_answer, explanation, order_index, points)
VALUES 
('q1-1', 'lesson-1-quiz', 'What attribute must be used for ISR functions on ESP32?', 'multiple_choice', 
'["ICACHE_ATTR","IRAM_ATTR","ISR_ATTR","FLASH_ATTR"]', 'IRAM_ATTR', 
'IRAM_ATTR ensures the ISR code is placed in internal RAM so it is always available, even when flash memory is busy or being accessed.', 0, 10),

('q1-2', 'lesson-1-quiz', 'Why should ISR code be kept minimal?', 'multiple_choice',
'["To save program memory","To prevent blocking other interrupts and system operations","ISRs can only contain 10 lines of code","To make the code easier to read"]', 
'To prevent blocking other interrupts and system operations',
'Long ISRs can cause system instability by blocking other critical operations. Heavy processing should be deferred to main code or tasks.', 1, 10),

('q1-3', 'lesson-1-quiz', 'What is the purpose of the AXP202 chip in the T-Watch?', 'multiple_choice',
'["Display controller","Wi-Fi radio","Power management","Touch sensor"]',
'Power management',
'The AXP202 is a Power Management IC (PMIC) that controls power delivery to all components, manages battery charging, and monitors battery status.', 2, 10),

('q1-4', 'lesson-1-quiz', 'What should you always do after handling an AXP202 interrupt?', 'multiple_choice',
'["Restart the system","Clear the interrupt status","Disable the interrupt","Reset the display"]',
'Clear the interrupt status',
'Calling axp.clearIRQ() clears the interrupt status registers, allowing future interrupts to be detected. Without this, subsequent button presses may be missed.', 3, 10),

('q1-5', 'lesson-1-quiz', 'What communication protocol does the T-Watch use to communicate with the AXP202?', 'multiple_choice',
'["SPI","UART","I2C","USB"]',
'I2C',
'The AXP202 communicates over the I2C bus, which uses two wires (SDA and SCL) for data transfer.', 4, 10);

-- ========================================
-- MODULE 2: TIMEKEEPING
-- ========================================
INSERT INTO course_modules (id, course_id, title, description, order_index, is_published)
VALUES ('mod-2', 'smartwatch-course', 'Module 2: Timekeeping', 'Implement full system timekeeping. Store and retrieve time using the real-time clock, synchronize over Wi-Fi, and display date and time at controlled intervals.', 2, 1);

-- Module 2 Lessons
INSERT INTO lessons (id, module_id, course_id, title, description, content_type, content_json, order_index, duration_minutes, is_published)
VALUES 
('lesson-2-task1', 'mod-2', 'smartwatch-course', 'Task 1: RTC Storage and Retrieval', 'Use the PCF8563 to store and retrieve time across reboots.', 'text',
'{"sections":[{"title":"Objective","content":"Use the PCF8563 real-time clock to store and retrieve the current date and time. The RTC maintains time even when the main processor is off."},{"title":"Requirements","content":"- Time must be stored in 24-hour format (00:00 to 23:59)\n- Date must include month, day, and year\n- All firmware must be written in C using `driver/i2c.h` and `esp_err.h`\n- Time should persist across power cycles"},{"title":"PCF8563 Overview","content":"The PCF8563 is a real-time clock (RTC) chip that:\n- Communicates over I2C at address 0x51\n- Stores time in BCD (Binary Coded Decimal) format\n- Has backup battery to maintain time when power is off\n- Updates its registers every second"},{"title":"Implementation Steps","content":"1. **Use the `tm` structure** from the standard time library to represent date and time values\n\n2. **Write low-level byte read/write functions** for the RTC\n   - These handle raw I2C communication\n   \n3. **Wrap with higher-level functions** for external use\n   - `getTime()` and `setTime()` functions\n   \n4. **Use bcdToDec and decToBcd helpers** when reading/writing RTC registers\n\n5. **Study the PCF8563 datasheet** for register layout and bit masking"},{"title":"Register Layout","content":"| Register | Bits 7-4 | Bits 3-0 |\n|----------|----------|----------|\n| Seconds  | VL flag / tens | units |\n| Minutes  | unused / tens | units |\n| Hours    | unused / tens | units |\n| Days     | unused / tens | units |\n| Months   | Century / tens | units |\n| Years    | tens | units |\n\n**Note:** Bit 7 of seconds register is the VL (Voltage Low) flag indicating clock integrity."},{"title":"Code Structure","content":"```c\n// mytime.h\n#ifndef MYTIME_H\n#define MYTIME_H\n\n#include <time.h>\n\nesp_err_t rtc_init();\nesp_err_t rtc_get_time(struct tm *time);\nesp_err_t rtc_set_time(const struct tm *time);\n\n#endif\n\n// mytime.c\nstatic uint8_t bcdToDec(uint8_t bcd) {\n    return (bcd >> 4) * 10 + (bcd & 0x0F);\n}\n\nstatic uint8_t decToBcd(uint8_t dec) {\n    return ((dec / 10) << 4) | (dec % 10);\n}\n```"},{"title":"Deliverable Files","content":"- `mytime.h` - Time function declarations\n- `mytime.c` - RTC communication and time conversion logic"}],"key_points":["PCF8563 uses I2C address 0x51","Time values stored in BCD format","Mask bit 7 of seconds (VL flag)","Use bcdToDec/decToBcd for conversion"],"resources":[{"title":"PCF8563 Datasheet","url":"#","type":"document"}]}',
0, 60, 1),

('lesson-2-task2', 'mod-2', 'smartwatch-course', 'Task 2: Wi-Fi Time Synchronization', 'Sync time from the internet using NTP.', 'text',
'{"sections":[{"title":"Objective","content":"Connect to a Wi-Fi network during boot and retrieve the current time from the internet using the Network Time Protocol (NTP)."},{"title":"Requirements","content":"- Use the WiFi.h library to connect to a known 2.4 GHz network\n- Synchronize time using NTP after successful connection\n- If Wi-Fi is unavailable, the system should continue using the RTC\n- Update the RTC with the synchronized time"},{"title":"Implementation Steps","content":"1. **Initialize Wi-Fi** and attempt connection during startup\n   ```cpp\n   WiFi.begin(ssid, password);\n   ```\n\n2. **Wait for connection** with timeout\n   ```cpp\n   int timeout = 20; // 10 seconds\n   while (WiFi.status() != WL_CONNECTED && timeout > 0) {\n       delay(500);\n       timeout--;\n   }\n   ```\n\n3. **After connecting**, sync time with NTP\n   ```cpp\n   configTime(gmtOffset, daylightOffset, ntpServer);\n   ```\n\n4. **Get synchronized time**\n   ```cpp\n   struct tm timeinfo;\n   if (getLocalTime(&timeinfo)) {\n       rtc_set_time(&timeinfo);  // Update RTC\n   }\n   ```\n\n5. **Disconnect Wi-Fi** after sync to save power"},{"title":"Code Structure","content":"```cpp\n// mywifi.h\n#ifndef MYWIFI_H\n#define MYWIFI_H\n\nbool wifi_connect();\nvoid wifi_disconnect();\nbool wifi_sync_time();\nbool wifi_is_connected();\n\n#endif\n\n// mywifi.cpp\n#include <WiFi.h>\n#include \"mywifi.h\"\n\nconst char* ssid = \"YourSSID\";\nconst char* password = \"YourPassword\";\nconst char* ntpServer = \"pool.ntp.org\";\nconst long gmtOffset = -18000;  // UTC-5 (EST)\nconst int daylightOffset = 3600;\n\nbool wifi_connect() {\n    WiFi.begin(ssid, password);\n    int timeout = 20;\n    while (WiFi.status() != WL_CONNECTED && timeout > 0) {\n        delay(500);\n        timeout--;\n    }\n    return WiFi.status() == WL_CONNECTED;\n}\n```"},{"title":"Important Notes","content":"- **ESP32 only supports 2.4 GHz** Wi-Fi networks\n- If no 2.4 GHz network is available, use a mobile hotspot\n- Consider making credentials configurable rather than hardcoded\n- Wi-Fi consumes significant power - disconnect when not needed"},{"title":"Deliverable Files","content":"- `mywifi.h` - Wi-Fi function declarations\n- `mywifi.cpp` - Wi-Fi initialization and time synchronization"}],"key_points":["ESP32 supports 2.4 GHz Wi-Fi only","Use configTime() for NTP setup","Update RTC with synced time","Disconnect Wi-Fi after sync to save power"],"callout":{"type":"info","content":"If you don''t have access to a 2.4 GHz network, you can create a mobile hotspot from your phone."}}',
1, 45, 1),

('lesson-2-task3', 'mod-2', 'smartwatch-course', 'Task 3: Time Display Formatting', 'Display time and date with proper format and efficient updates.', 'text',
'{"sections":[{"title":"Objective","content":"Display the current time and date on the screen in a readable format. The display should update efficiently without unnecessary refreshes."},{"title":"Format Requirements","content":"- **Time:** HH:MM in 24-hour (military) format\n- **Date:** MM DD YYYY format\n- **Update rate:** Screen refreshes only once every 40 seconds to save power"},{"title":"Implementation Steps","content":"1. **Use snprintf** to format time and date strings\n   ```cpp\n   char timeStr[6];\n   snprintf(timeStr, sizeof(timeStr), \"%02d:%02d\", hour, minute);\n   \n   char dateStr[12];\n   snprintf(dateStr, sizeof(dateStr), \"%02d %02d %04d\", month, day, year);\n   ```\n\n2. **Implement non-blocking update logic**\n   ```cpp\n   static unsigned long lastUpdate = 0;\n   if (millis() - lastUpdate > 40000) {  // 40 seconds\n       updateTimeDisplay();\n       lastUpdate = millis();\n   }\n   ```\n\n3. **Integrate with display driver** cleanly\n   - Create dedicated functions for time display\n   - Position time and date appropriately on screen"},{"title":"Code Example","content":"```cpp\n// In display.cpp\nvoid drawTime(int hour, int minute) {\n    char timeStr[6];\n    snprintf(timeStr, sizeof(timeStr), \"%02d:%02d\", hour, minute);\n    \n    // Large font for time\n    tft.setTextSize(4);\n    tft.drawString(timeStr, 50, 80);\n}\n\nvoid drawDate(int month, int day, int year) {\n    char dateStr[12];\n    snprintf(dateStr, sizeof(dateStr), \"%02d %02d %04d\", month, day, year);\n    \n    // Smaller font for date\n    tft.setTextSize(2);\n    tft.drawString(dateStr, 60, 150);\n}\n```"},{"title":"Efficiency Considerations","content":"- Only redraw when the display actually changes\n- Consider redrawing only the changed digits\n- Use non-blocking delays to keep system responsive\n- Don''t block other system tasks while updating display"}],"key_points":["Use snprintf for safe string formatting","Update only every 40 seconds to save power","Use non-blocking approach for updates","Format: HH:MM for time, MM DD YYYY for date"]}',
2, 30, 1),

('lesson-2-demo', 'mod-2', 'smartwatch-course', 'Module 2 Demo Submission', 'Submit a video demonstrating your Module 2 implementation.', 'submission',
'{"instructions":"Record a video demonstrating your completed Module 2 implementation. Your video should show:\n\n1. **Time Display** - Current time shown in HH:MM format\n2. **Date Display** - Current date shown in MM DD YYYY format\n3. **Wi-Fi Sync** - If possible, show the watch syncing time (or explain your sync approach)\n4. **Time Persistence** - Show that time is retained (power cycle if possible)\n\n**Video Requirements:**\n- 30 seconds to 2 minutes\n- Show the time display clearly\n- Explain your time sync approach\n\n**Upload your project files as a ZIP including:**\n- mytime.h and mytime.c\n- mywifi.h and mywifi.cpp\n- display.h and display.cpp\n- main.cpp","submission_type":"video","required_files":["mytime.h","mytime.c","mywifi.h","mywifi.cpp"],"rubric":[{"criteria":"RTC implementation","points":30,"description":"PCF8563 correctly reads and writes time in BCD format"},{"criteria":"Wi-Fi sync","points":25,"description":"NTP synchronization implemented with proper timeout handling"},{"criteria":"Display formatting","points":25,"description":"Time and date displayed in correct formats with efficient updates"},{"criteria":"Code quality","points":20,"description":"Clean abstractions, proper error handling, documented code"}]}',
3, 30, 1),

('lesson-2-quiz', 'mod-2', 'smartwatch-course', 'Module 2 Quiz', 'Test your understanding of timekeeping concepts.', 'quiz',
'{"passing_score":70,"time_limit":15,"attempts_allowed":3,"instructions":"This quiz tests your understanding of the concepts covered in Module 2. You need 70% to pass."}',
4, 15, 1);

-- Module 2 Quiz Questions
INSERT INTO quiz_questions (id, lesson_id, question_text, question_type, options_json, correct_answer, explanation, order_index, points)
VALUES 
('q2-1', 'lesson-2-quiz', 'What format does the PCF8563 RTC use to store time values?', 'multiple_choice',
'["Binary","Decimal","BCD (Binary Coded Decimal)","Hexadecimal"]',
'BCD (Binary Coded Decimal)',
'The PCF8563 stores time values in BCD format, where each decimal digit (0-9) is represented by a 4-bit binary value.', 0, 10),

('q2-2', 'lesson-2-quiz', 'What is the I2C address of the PCF8563 RTC?', 'multiple_choice',
'["0x38","0x51","0x19","0x76"]',
'0x51',
'The PCF8563 has a fixed I2C address of 0x51 (hexadecimal).', 1, 10),

('q2-3', 'lesson-2-quiz', 'Why should you disconnect Wi-Fi after time synchronization?', 'multiple_choice',
'["Wi-Fi only works for 30 seconds","To save battery power","The RTC requires the Wi-Fi to be off","NTP servers require disconnection"]',
'To save battery power',
'Wi-Fi consumes significant power. Disconnecting after sync conserves battery life, which is critical for wearable devices.', 2, 10),

('q2-4', 'lesson-2-quiz', 'What Wi-Fi frequency does the ESP32 support?', 'multiple_choice',
'["5 GHz only","2.4 GHz only","Both 2.4 GHz and 5 GHz","6 GHz"]',
'2.4 GHz only',
'The ESP32 only supports 2.4 GHz Wi-Fi networks. 5 GHz networks are not compatible.', 3, 10),

('q2-5', 'lesson-2-quiz', 'What is the purpose of bit 7 (VL flag) in the PCF8563 seconds register?', 'multiple_choice',
'["Indicates AM/PM","Indicates battery low / clock integrity","Enables the alarm","Starts the stopwatch"]',
'Indicates battery low / clock integrity',
'The VL (Voltage Low) flag in bit 7 of the seconds register indicates whether the clock integrity is guaranteed. If set, the time may be invalid due to low voltage.', 4, 10);

-- ========================================
-- MODULE 3: INPUTS & SENSORS
-- ========================================
INSERT INTO course_modules (id, course_id, title, description, order_index, is_published)
VALUES ('mod-3', 'smartwatch-course', 'Module 3: Inputs & Sensors', 'Integrate touch input, accelerometer data, and Wi-Fi status visualization. By the end of this module, the watch should respond to touch events, display step count, and show network connectivity status.', 3, 1);

-- Module 3 Lessons
INSERT INTO lessons (id, module_id, course_id, title, description, content_type, content_json, order_index, duration_minutes, is_published)
VALUES 
('lesson-3-task1', 'mod-3', 'smartwatch-course', 'Task 1: Touch Coordinate Extraction', 'Implement a touch driver for the FT6236U controller.', 'text',
'{"sections":[{"title":"Objective","content":"Create a program that reads and displays the x and y coordinates of touch events on the smartwatch display."},{"title":"Technical Details","content":"- **FT6236U uses I2C address 0x38** (not explicitly listed in datasheet)\n- Use interrupt-driven approach for touch detection\n- Keep ISRs minimal, defer coordinate processing to main code\n- Parse x and y coordinates from device registers correctly"},{"title":"Implementation Steps","content":"1. **Set up I2C communication** with the FT6236U at address 0x38\n\n2. **Configure interrupt pin** for falling edge detection\n   - Touch controller generates interrupt when screen is touched\n\n3. **In ISR**, only set a touch flag\n   ```cpp\n   volatile bool touchEvent = false;\n   \n   void IRAM_ATTR touchISR() {\n       touchEvent = true;\n   }\n   ```\n\n4. **In main loop**, read coordinates when flag is set\n   - Read from FT6236U registers\n   - Extract x and y values (may need bit manipulation)\n\n5. **Display coordinates** on screen for testing"},{"title":"FT6236U Register Map","content":"The touch coordinates are stored in specific registers:\n\n| Register | Content |\n|----------|--------|\n| 0x02 | Number of touch points |\n| 0x03 | X position high byte (upper 4 bits) |\n| 0x04 | X position low byte |\n| 0x05 | Y position high byte (upper 4 bits) |\n| 0x06 | Y position low byte |\n\n```cpp\nuint16_t x = ((data[0] & 0x0F) << 8) | data[1];\nuint16_t y = ((data[2] & 0x0F) << 8) | data[3];\n```"},{"title":"Code Structure","content":"```c\n// touch.h\n#ifndef TOUCH_H\n#define TOUCH_H\n\nesp_err_t touch_init();\nbool touch_available();\nesp_err_t touch_read(uint16_t *x, uint16_t *y);\n\n#endif\n```"},{"title":"Deliverable Files","content":"- `touch.h` - Touch function declarations\n- `touch.c` - FT6236U communication and coordinate extraction"}],"key_points":["FT6236U uses I2C address 0x38","Use interrupt-driven approach, not polling","Extract coordinates from registers with bit manipulation","Display coordinates for testing"],"resources":[{"title":"FT6236U Datasheet","url":"#","type":"document"}]}',
0, 60, 1),

('lesson-3-demo1', 'mod-3', 'smartwatch-course', 'Task 1 Demo: Touch Coordinates', 'Submit a video showing touch coordinate display.', 'submission',
'{"instructions":"Record a short video demonstrating your touch coordinate implementation:\n\n1. Show the watch displaying touch coordinates as you touch different areas\n2. Demonstrate that coordinates update in real-time\n3. Show responses to touches in corners and center\n\n**Upload your touch.h and touch.c files with the video.**","submission_type":"video","required_files":["touch.h","touch.c"],"rubric":[{"criteria":"Interrupt handling","points":30,"description":"Touch events detected via interrupt, not polling"},{"criteria":"Coordinate accuracy","points":40,"description":"X and Y coordinates correctly extracted and displayed"},{"criteria":"Code quality","points":30,"description":"Clean driver implementation with proper I2C communication"}]}',
1, 15, 1),

('lesson-3-task2', 'mod-3', 'smartwatch-course', 'Task 2: Step Count Screen', 'Display step count from the BMA423 accelerometer.', 'text',
'{"sections":[{"title":"Objective","content":"Create a screen that displays the total step count stored in the BMA423 accelerometer."},{"title":"BMA423 Overview","content":"The BMA423 is a 3-axis accelerometer with built-in step counter:\n- Communicates over I2C\n- Has internal step counting algorithm\n- Stores cumulative step count in registers\n- Generates interrupts on step detection"},{"title":"Implementation Steps","content":"1. **Initialize the BMA423** accelerometer\n   - Use the provided BMA423 library/abstraction\n   - Configure for step counting mode\n\n2. **Retrieve the stored step count**\n   - The BMA423 maintains a cumulative count\n   - Read the step count register\n\n3. **Display in a readable format**\n   - Create a dedicated \"Steps\" screen\n   - Show the step count prominently\n   - Consider adding a step icon\n\n4. **Update periodically**\n   - Refresh the display at reasonable intervals\n   - Don''t read too frequently (wastes power)"},{"title":"Code Structure","content":"```cpp\n// accel.h\n#ifndef ACCEL_H\n#define ACCEL_H\n\nclass Accel {\npublic:\n    bool init();\n    uint32_t getStepCount();\n    void resetStepCount();\nprivate:\n    // Internal state\n};\n\n#endif\n\n// accel.cpp\n#include \"accel.h\"\n#include <bma423.h>  // BMA423 library\n\nbool Accel::init() {\n    // Initialize BMA423\n    // Enable step counting feature\n    return true;\n}\n\nuint32_t Accel::getStepCount() {\n    // Read step count from BMA423\n    return stepCount;\n}\n```"},{"title":"Important Notes","content":"- Use the provided accelerometer abstraction rather than accessing registers directly\n- The step counter is cumulative - it doesn''t reset automatically\n- Consider whether you want to persist step count across reboots"},{"title":"Deliverable Files","content":"- `accel.h` - Accelerometer class declaration\n- `accel.cpp` - BMA423 initialization and step count retrieval"}],"key_points":["Use provided BMA423 library abstraction","Step count is maintained internally by BMA423","Create a dedicated screen for step display","Update at reasonable intervals to save power"],"resources":[{"title":"BMA423 Datasheet","url":"#","type":"document"},{"title":"BMA423 Library","url":"#","type":"github"}]}',
2, 45, 1),

('lesson-3-demo2', 'mod-3', 'smartwatch-course', 'Task 2 Demo: Step Count Screen', 'Submit a video showing the step count display.', 'submission',
'{"instructions":"Record a short video demonstrating your step count screen:\n\n1. Show the step count displayed on screen\n2. If possible, demonstrate the count incrementing (shake the watch)\n3. Explain your implementation approach\n\n**Upload your accel.h and accel.cpp files with the video.**","submission_type":"video","required_files":["accel.h","accel.cpp"],"rubric":[{"criteria":"BMA423 initialization","points":30,"description":"Accelerometer correctly initialized with step counting enabled"},{"criteria":"Step count display","points":40,"description":"Step count retrieved and displayed in readable format"},{"criteria":"Code quality","points":30,"description":"Clean class-based implementation with proper abstractions"}]}',
3, 15, 1),

('lesson-3-task3', 'mod-3', 'smartwatch-course', 'Task 3: Wi-Fi Status Screen', 'Create a status display with manual reconnection button.', 'text',
'{"sections":[{"title":"Objective","content":"Create a screen that displays the current Wi-Fi connection status with the ability to manually reconnect."},{"title":"Required States","content":"Your Wi-Fi status screen must support three states:\n\n1. **Wi-Fi Connected**\n   - Display a connected icon\n   - Show the network SSID\n\n2. **Wi-Fi Connecting**\n   - Show a connecting indicator/animation\n   - Indicate connection attempt in progress\n\n3. **Wi-Fi Not Connected**\n   - Display a disconnected icon\n   - Show clear \"Not Connected\" status\n   - Display reconnect button"},{"title":"Implementation Steps","content":"1. **Track Wi-Fi state internally**\n   - Use an enum for state management\n   ```cpp\n   enum WiFiState { DISCONNECTED, CONNECTING, CONNECTED };\n   WiFiState currentState = DISCONNECTED;\n   ```\n\n2. **Use helper functions** for drawing\n   - `drawWiFiSymbol()` - Wi-Fi icon\n   - `drawRefreshSymbol()` - Reconnect button\n\n3. **Update screen responsively**\n   - State changes should reflect immediately\n   - Don''t update excessively when idle\n\n4. **Implement manual reconnection**\n   - Detect touch on reconnect button\n   - Attempt Wi-Fi connection\n   - Update state based on result"},{"title":"Code Structure","content":"```cpp\n// mywifi.h (extended)\nclass MyWiFi {\npublic:\n    enum State { DISCONNECTED, CONNECTING, CONNECTED };\n    \n    bool connect();\n    void disconnect();\n    State getState();\n    const char* getSSID();\n    void drawStatusScreen();\nprivate:\n    State state;\n};\n```"},{"title":"UI Considerations","content":"- Make the reconnect button easy to touch (large touch target)\n- Consider using a touch callback for button detection\n- Show clear visual feedback during connection attempts\n- Display meaningful information (SSID when connected)"},{"title":"Deliverable Files","content":"Update `mywifi.h` and `mywifi.cpp` with the MyWiFi class implementation"}],"key_points":["Support three states: Connected, Connecting, Disconnected","Show SSID when connected","Implement manual reconnect button","Track state internally with enum"]}',
4, 45, 1),

('lesson-3-demo3', 'mod-3', 'smartwatch-course', 'Task 3 Demo: Wi-Fi Status Screen', 'Submit a video showing the Wi-Fi status screen.', 'submission',
'{"instructions":"Record a video demonstrating your Wi-Fi status screen:\n\n1. Show the connected state with SSID displayed\n2. Demonstrate the reconnect button functionality\n3. Show the connecting state (if possible)\n4. Show the disconnected state\n\n**Upload your updated mywifi.h and mywifi.cpp files with the video.**","submission_type":"video","required_files":["mywifi.h","mywifi.cpp"],"rubric":[{"criteria":"State management","points":25,"description":"Three Wi-Fi states correctly tracked and displayed"},{"criteria":"Connected display","points":25,"description":"SSID shown when connected with appropriate icon"},{"criteria":"Reconnect button","points":30,"description":"Manual reconnect button works correctly"},{"criteria":"Code quality","points":20,"description":"Clean class-based implementation with proper state handling"}]}',
5, 15, 1),

('lesson-3-quiz', 'mod-3', 'smartwatch-course', 'Module 3 Quiz', 'Test your understanding of input and sensor concepts.', 'quiz',
'{"passing_score":70,"time_limit":15,"attempts_allowed":3,"instructions":"This quiz tests your understanding of the concepts covered in Module 3. You need 70% to pass."}',
6, 15, 1);

-- Module 3 Quiz Questions
INSERT INTO quiz_questions (id, lesson_id, question_text, question_type, options_json, correct_answer, explanation, order_index, points)
VALUES 
('q3-1', 'lesson-3-quiz', 'What is the I2C address of the FT6236U touch controller?', 'multiple_choice',
'["0x51","0x38","0x19","0x76"]',
'0x38',
'The FT6236U touch controller uses I2C address 0x38, although this is not explicitly stated in the datasheet.', 0, 10),

('q3-2', 'lesson-3-quiz', 'Why should touch detection use interrupts instead of polling?', 'multiple_choice',
'["Interrupts are required by the FT6236U","Polling uses less power","Interrupts provide faster response and save power","Polling is more accurate"]',
'Interrupts provide faster response and save power',
'Interrupt-driven touch detection allows the system to sleep until a touch occurs, saving power while still providing immediate response to user input.', 1, 10),

('q3-3', 'lesson-3-quiz', 'What does the BMA423 accelerometer have built-in?', 'multiple_choice',
'["GPS receiver","Step counting algorithm","Temperature sensor","Bluetooth radio"]',
'Step counting algorithm',
'The BMA423 includes a built-in step counting algorithm that processes accelerometer data internally, providing a cumulative step count.', 2, 10),

('q3-4', 'lesson-3-quiz', 'How should coordinates be extracted from the FT6236U registers?', 'multiple_choice',
'["Read directly as integers","Use floating point conversion","Combine high and low bytes with bit manipulation","Use BCD conversion"]',
'Combine high and low bytes with bit manipulation',
'Touch coordinates are split across multiple registers and must be combined using bit manipulation: x = ((high & 0x0F) << 8) | low.', 3, 10),

('q3-5', 'lesson-3-quiz', 'What should you display on the Wi-Fi status screen when connected?', 'multiple_choice',
'["IP address only","MAC address only","Network SSID","Password hash"]',
'Network SSID',
'When connected, the Wi-Fi status screen should display the network SSID (name) so the user knows which network they are connected to.', 4, 10);

-- ========================================
-- MODULE 4: FINAL INTEGRATION
-- ========================================
INSERT INTO course_modules (id, course_id, title, description, order_index, is_published)
VALUES ('mod-4', 'smartwatch-course', 'Module 4: Final Integration', 'Integrate all components into a complete, responsive smartwatch application. Design a stopwatch, implement screen navigation, display battery status, and structure everything using RTOS.', 4, 1);

-- Module 4 Lessons
INSERT INTO lessons (id, module_id, course_id, title, description, content_type, content_json, order_index, duration_minutes, is_published)
VALUES 
('lesson-4-task1', 'mod-4', 'smartwatch-course', 'Task 1: Stopwatch Screen', 'Create a persistent stopwatch with start/stop/reset functionality.', 'text',
'{"sections":[{"title":"Objective","content":"Create a stopwatch screen that supports start, stop, and reset functionality. The stopwatch must continue running even when navigating away from the stopwatch screen."},{"title":"Requirements","content":"- Display format: **HH:MM:SS**\n- Support **Start**, **Stop**, and **Reset** functions\n- **Continue running in background** when on other screens\n- Use **semaphores** for display coordination"},{"title":"Key Design Decision","content":"**Separate timing logic from display rendering.**\n\nThe stopwatch state must persist independently of which screen is active. This means:\n- A background task or variable tracks elapsed time\n- The display only renders the current state\n- Navigation doesn''t affect the running stopwatch"},{"title":"Implementation Approach","content":"1. **Use a separate timing variable**\n   ```cpp\n   static unsigned long stopwatchStartTime = 0;\n   static unsigned long stopwatchElapsed = 0;\n   static bool stopwatchRunning = false;\n   ```\n\n2. **Start function**\n   ```cpp\n   void startStopwatch() {\n       stopwatchStartTime = millis();\n       stopwatchRunning = true;\n   }\n   ```\n\n3. **Get current time**\n   ```cpp\n   unsigned long getStopwatchTime() {\n       if (stopwatchRunning) {\n           return stopwatchElapsed + (millis() - stopwatchStartTime);\n       }\n       return stopwatchElapsed;\n   }\n   ```\n\n4. **Display function** (called only when stopwatch screen is active)\n   ```cpp\n   void drawStopwatchScreen() {\n       unsigned long ms = getStopwatchTime();\n       int hours = ms / 3600000;\n       int mins = (ms / 60000) % 60;\n       int secs = (ms / 1000) % 60;\n       // Draw formatted time\n   }\n   ```"},{"title":"Touch Buttons","content":"Create three touch button areas:\n- **START/STOP** button (toggle)\n- **RESET** button (only when stopped)\n\nUse touch coordinates to detect button presses."},{"title":"RTOS Consideration","content":"If using RTOS, you might run stopwatch timing in a dedicated task:\n```cpp\nvoid stopwatchTask(void *param) {\n    while(1) {\n        if (stopwatchRunning) {\n            // Update display if on stopwatch screen\n        }\n        vTaskDelay(pdMS_TO_TICKS(100));\n    }\n}\n```"}],"key_points":["Stopwatch must persist across screen changes","Separate timing logic from display rendering","Use millis() for timing, not delays","Format output as HH:MM:SS"]}',
0, 60, 1),

('lesson-4-task2', 'mod-4', 'smartwatch-course', 'Task 2: Screen Navigation', 'Implement touch-based navigation between all screens.', 'text',
'{"sections":[{"title":"Objective","content":"Design and implement touch buttons that allow navigation between all previously created screens."},{"title":"Screens to Support","content":"Your navigation system must support switching between:\n1. **Home Screen** - Time and date display\n2. **Steps Screen** - Step count from accelerometer\n3. **Wi-Fi Screen** - Connection status and reconnect\n4. **Stopwatch Screen** - Timer with controls"},{"title":"Implementation Guidelines","content":"1. **Centralize screen state management**\n   ```cpp\n   enum Screen { HOME, STEPS, WIFI, STOPWATCH };\n   Screen currentScreen = HOME;\n   ```\n\n2. **Use touch events for transitions**\n   - Don''t poll continuously\n   - React to touch interrupt events\n\n3. **Ensure only one screen is active**\n   ```cpp\n   void setScreen(Screen newScreen) {\n       currentScreen = newScreen;\n       clearDisplay();\n       drawCurrentScreen();\n   }\n   ```\n\n4. **Make interactions responsive and consistent**"},{"title":"Navigation Options","content":"Several approaches for navigation buttons:\n\n**Option 1: On-screen buttons**\n- Draw navigation icons at bottom of screen\n- Detect touches in button areas\n\n**Option 2: Swipe gestures**\n- Detect swipe direction from touch coordinates\n- Left/right swipe changes screens\n\n**Option 3: Physical button**\n- Use side button to cycle through screens"},{"title":"FSM Pattern","content":"```cpp\nvoid updateDisplay() {\n    switch (currentScreen) {\n        case HOME:\n            drawHomeScreen();\n            break;\n        case STEPS:\n            drawStepsScreen();\n            break;\n        case WIFI:\n            drawWiFiScreen();\n            break;\n        case STOPWATCH:\n            drawStopwatchScreen();\n            break;\n    }\n}\n\nvoid handleNavigation(int x, int y) {\n    // Check if touch is in navigation area\n    if (y > 200) {  // Bottom navigation bar\n        if (x < 60) setScreen(HOME);\n        else if (x < 120) setScreen(STEPS);\n        else if (x < 180) setScreen(WIFI);\n        else setScreen(STOPWATCH);\n    }\n}\n```"}],"key_points":["Centralize screen state in single variable","Use touch events, not polling","Only one screen active at a time","Consider FSM pattern for clean organization"]}',
1, 45, 1),

('lesson-4-task3', 'mod-4', 'smartwatch-course', 'Task 3: Battery Display', 'Show live battery percentage on the home screen.', 'text',
'{"sections":[{"title":"Objective","content":"Display real-time battery percentage on the home screen using data from the AXP202 power management IC."},{"title":"Implementation Steps","content":"1. **Read battery data** using the AXP20X library\n   ```cpp\n   int batteryPercent = axp.getBattPercentage();\n   bool isCharging = axp.isCharging();\n   float voltage = axp.getBattVoltage();\n   ```\n\n2. **Use drawBatterySymbol function**\n   - Create or use provided helper function\n   - Pass battery percentage value\n   - Position appropriately on home screen\n\n3. **Update dynamically**\n   - Refresh at reasonable intervals (not every frame)\n   - Don''t interfere with other display operations"},{"title":"Battery Icon Design","content":"```cpp\nvoid drawBatterySymbol(int percent) {\n    // Draw battery outline\n    tft.drawRect(x, y, 30, 15, TFT_WHITE);\n    tft.fillRect(x+30, y+4, 3, 7, TFT_WHITE);  // Tip\n    \n    // Fill based on percentage\n    int fillWidth = (percent * 28) / 100;\n    uint16_t color = percent > 20 ? TFT_GREEN : TFT_RED;\n    tft.fillRect(x+1, y+1, fillWidth, 13, color);\n    \n    // Show percentage text\n    char pctStr[5];\n    snprintf(pctStr, sizeof(pctStr), \"%d%%\", percent);\n    tft.drawString(pctStr, x+35, y);\n}\n```"},{"title":"Charging Indicator","content":"Consider adding a charging indicator:\n- Lightning bolt icon when charging\n- Different color when charging vs discharging\n- Animation for charging state"},{"title":"Update Frequency","content":"Battery percentage changes slowly. Update every 30-60 seconds:\n```cpp\nstatic unsigned long lastBatteryUpdate = 0;\nif (millis() - lastBatteryUpdate > 30000) {\n    updateBatteryDisplay();\n    lastBatteryUpdate = millis();\n}\n```"}],"key_points":["Use axp.getBattPercentage() for reading","Position battery icon on home screen","Update every 30-60 seconds, not continuously","Consider charging indicator"]}',
2, 30, 1),

('lesson-4-task4', 'mod-4', 'smartwatch-course', 'Task 4: RTOS Architecture', 'Structure firmware using FreeRTOS for concurrent operation.', 'text',
'{"sections":[{"title":"Objective","content":"Structure the firmware using a Real Time Operating System to handle multiple subsystems concurrently and reliably."},{"title":"Recommended Task Structure","content":"Create separate tasks for different responsibilities:\n\n| Task | Priority | Purpose |\n|------|----------|--------|\n| Input Task | High (3) | Handle touch and button events |\n| Display Task | Medium (2) | Update screen content |\n| Timekeeping Task | Medium (2) | Update RTC, manage time |\n| Sensor Task | Low (1) | Poll accelerometer, update steps |\n| Network Task | Low (1) | Handle Wi-Fi when needed |"},{"title":"Task Creation","content":"```cpp\nvoid setup() {\n    // Initialize hardware first\n    initPower();\n    initDisplay();\n    initTouch();\n    initSensors();\n    \n    // Create tasks\n    xTaskCreate(inputTask, \"Input\", 2048, NULL, 3, NULL);\n    xTaskCreate(displayTask, \"Display\", 4096, NULL, 2, NULL);\n    xTaskCreate(sensorTask, \"Sensors\", 2048, NULL, 1, NULL);\n}\n```"},{"title":"Task Implementation Pattern","content":"```cpp\nvoid displayTask(void *param) {\n    while(1) {\n        // Take display mutex for thread safety\n        if (xSemaphoreTake(displayMutex, portMAX_DELAY)) {\n            updateDisplay();\n            xSemaphoreGive(displayMutex);\n        }\n        vTaskDelay(pdMS_TO_TICKS(50));  // ~20 FPS\n    }\n}\n\nvoid inputTask(void *param) {\n    while(1) {\n        if (touchEvent) {\n            touchEvent = false;\n            handleTouch();\n        }\n        vTaskDelay(pdMS_TO_TICKS(20));  // Check 50x/sec\n    }\n}\n```"},{"title":"Shared Resource Protection","content":"Use mutexes to protect shared resources:\n\n```cpp\nSemaphoreHandle_t displayMutex;\nSemaphoreHandle_t i2cMutex;\n\nvoid setup() {\n    displayMutex = xSemaphoreCreateMutex();\n    i2cMutex = xSemaphoreCreateMutex();\n}\n\n// Before accessing I2C\nxSemaphoreTake(i2cMutex, portMAX_DELAY);\nreadSensor();\nxSemaphoreGive(i2cMutex);\n```"},{"title":"Inter-Task Communication","content":"Use semaphores to signal events:\n```cpp\nSemaphoreHandle_t touchSemaphore;\n\n// In ISR\nvoid IRAM_ATTR touchISR() {\n    xSemaphoreGiveFromISR(touchSemaphore, NULL);\n}\n\n// In input task\nif (xSemaphoreTake(touchSemaphore, portMAX_DELAY)) {\n    handleTouch();\n}\n```"},{"title":"Guidelines","content":"- Assign priorities based on timing sensitivity\n- Use semaphores/notifications for inter-task communication\n- Keep ISRs minimal, defer processing to tasks\n- Ensure tasks do not block each other\n- Monitor stack usage during development"}],"key_points":["High priority for input handling (responsive UI)","Use mutexes to protect shared resources (display, I2C)","Keep ISRs minimal, signal tasks with semaphores","Use vTaskDelay() instead of blocking delays"]}',
3, 60, 1),

('lesson-4-demo', 'mod-4', 'smartwatch-course', 'Module 4 Final Demo', 'Submit a comprehensive video of your complete smartwatch.', 'submission',
'{"instructions":"Record a comprehensive video demonstrating your fully integrated smartwatch. This is your final project demonstration.\n\n**Your video should show:**\n\n1. **Home Screen**\n   - Time and date display\n   - Battery percentage indicator\n\n2. **Step Count Screen**\n   - Current step count displayed\n   - Navigation to/from this screen\n\n3. **Wi-Fi Status Screen**\n   - Connection status display\n   - Reconnect button functionality\n\n4. **Stopwatch Screen**\n   - Start/Stop/Reset functionality\n   - Stopwatch continues when navigating away\n\n5. **Screen Navigation**\n   - Smooth transitions between all screens\n   - Responsive touch interaction\n\n6. **System Responsiveness**\n   - Demonstrate the watch feels responsive\n   - No freezing or lag during transitions\n\n**Video Requirements:**\n- 2-5 minutes\n- Show each feature clearly\n- Brief explanation of your implementation approach\n- Demonstrate the watch working as a cohesive product\n\n**Upload your complete project as a ZIP file.**","submission_type":"video","required_files":["main.cpp","power.h","power.cpp","display.h","display.cpp","mytime.h","mytime.c","mywifi.h","mywifi.cpp","touch.h","touch.c","accel.h","accel.cpp"],"rubric":[{"criteria":"Stopwatch functionality","points":20,"description":"Stopwatch works correctly and persists across screen changes"},{"criteria":"Screen navigation","points":20,"description":"All screens accessible via touch with smooth transitions"},{"criteria":"Battery display","points":15,"description":"Battery percentage shown on home screen with icon"},{"criteria":"RTOS architecture","points":25,"description":"Tasks properly structured with mutexes and semaphores"},{"criteria":"Overall integration","points":20,"description":"Watch behaves as cohesive product, responsive and stable"}]}',
4, 60, 1),

('lesson-4-quiz', 'mod-4', 'smartwatch-course', 'Module 4 Final Quiz', 'Test your understanding of system integration concepts.', 'quiz',
'{"passing_score":70,"time_limit":20,"attempts_allowed":3,"instructions":"This comprehensive quiz tests your understanding of all Module 4 concepts. You need 70% to pass."}',
5, 20, 1);

-- Module 4 Quiz Questions
INSERT INTO quiz_questions (id, lesson_id, question_text, question_type, options_json, correct_answer, explanation, order_index, points)
VALUES 
('q4-1', 'lesson-4-quiz', 'In FreeRTOS, what function should be used instead of delay() for timing?', 'multiple_choice',
'["sleep()","wait()","vTaskDelay()","hold()"]',
'vTaskDelay()',
'vTaskDelay() properly suspends the task and allows other tasks to run, unlike delay() which blocks the entire system.', 0, 10),

('q4-2', 'lesson-4-quiz', 'What should you use to protect shared resources accessed by multiple tasks?', 'multiple_choice',
'["Global variables","Mutex or Semaphore","Static variables","Inline functions"]',
'Mutex or Semaphore',
'Mutexes and semaphores provide synchronization to prevent race conditions when multiple tasks access shared resources like the display or I2C bus.', 1, 10),

('q4-3', 'lesson-4-quiz', 'Which task should typically have the highest priority in a smartwatch UI?', 'multiple_choice',
'["Networking task","Sensor polling task","Input handling task","Data logging task"]',
'Input handling task',
'Input handling should have high priority to ensure the UI feels responsive to user interactions like touch and button presses.', 2, 10),

('q4-4', 'lesson-4-quiz', 'How should the stopwatch maintain its state when switching to another screen?', 'multiple_choice',
'["Stop the stopwatch when leaving the screen","Store state in a global variable separate from display","Reset the stopwatch on every screen change","Pause and resume automatically"]',
'Store state in a global variable separate from display',
'The stopwatch timing logic should be independent of the display. A background variable tracks elapsed time regardless of which screen is shown.', 3, 10),

('q4-5', 'lesson-4-quiz', 'What is the purpose of using an enum for screen states?', 'multiple_choice',
'["Enums use less memory","Enums are faster to process","Enums provide type safety and readability","Enums are required by RTOS"]',
'Enums provide type safety and readability',
'Using an enum like `enum Screen { HOME, STEPS, WIFI, STOPWATCH }` makes code more readable and allows the compiler to catch invalid state values.', 4, 10),

('q4-6', 'lesson-4-quiz', 'How often should battery percentage be updated on the display?', 'multiple_choice',
'["Every frame","Every 100ms","Every 30-60 seconds","Only on user request"]',
'Every 30-60 seconds',
'Battery percentage changes slowly. Updating every 30-60 seconds is sufficient and avoids unnecessary I2C traffic and display updates.', 5, 10);

-- ========================================
-- MODULE 5: DESIGN CHALLENGE
-- ========================================
INSERT INTO course_modules (id, course_id, title, description, order_index, is_published)
VALUES ('mod-5', 'smartwatch-course', 'Design Challenge', 'Compete for cash prizes by extending your smartwatch with innovative features. First place wins $1,000!', 5, 1);

-- Design Challenge Lessons
INSERT INTO lessons (id, module_id, course_id, title, description, content_type, content_json, order_index, duration_minutes, is_published)
VALUES 
('lesson-5-overview', 'mod-5', 'smartwatch-course', 'Short Circuit Design Challenge', 'Learn about the design challenge prizes and requirements.', 'text',
'{"sections":[{"title":"Challenge Overview","content":"The Short Circuit Design Challenge is our way of recognizing exceptional engineering work. While our project kits establish a strong technical foundation, this challenge is designed for students who extend that foundation through innovation, thoughtful design, and rigorous execution."},{"title":"Cash Prizes","content":"- **First Place:** $1,000\n- **Second Place:** $750\n- **Third Place:** $500"},{"title":"Additional Recognition","content":"**Website Recognition**\nWinning projects will be featured on the Short Circuit website with a project demonstration and contributor profile. This public recognition can be shared with recruiters, academic programs, and professional networks.\n\n**Certificate of Achievement**\nRecipients earn a verified Certificate of Achievement acknowledging design excellence. This credential may be displayed on LinkedIn or included in portfolios and resumes.\n\n**Exclusive Opportunities**\nWinners receive a complimentary future project kit and gain access to a private mentorship and career opportunities group."},{"title":"Eligibility","content":"**You must be an active university student to enter the design challenge.** You will need to provide a university email for consideration."},{"title":"Extension Ideas","content":"**System Architecture & Software Design**\n- Desktop, web, or mobile dashboard for live data\n- Companion app for activity monitoring\n- Firmware update mechanisms\n\n**Power Management & Performance**\n- Adaptive power strategies based on user behavior\n- Advanced sleep/wake mechanisms\n- Power consumption visualization\n\n**Health, Motion & Activity Analysis**\n- Step counting with calorie estimation\n- Activity classification algorithms\n- Motion pattern detection\n\n**User Interface & Experience**\n- Custom watch faces\n- Gesture-based navigation\n- Animated transitions\n\n**Networking, Data & Cloud**\n- Cloud data synchronization\n- Long-term analytics\n- Secure data transfer\n\n**Creative Extensions**\n- Productivity tools (timers, focus modes)\n- Adaptive alarms based on sensors\n- Additional peripheral integration"}],"key_points":["First place wins $1,000","Must be active university student","Meaningfully extend the baseline project","Winners featured on website with exclusive perks"],"callout":{"type":"info","content":"The examples provided are starting points. The strongest projects often explore ideas beyond those listed here."}}',
0, 30, 1),

('lesson-5-baseline', 'mod-5', 'smartwatch-course', 'Baseline Project Upload', 'Upload your completed baseline project for verification.', 'submission',
'{"instructions":"Upload a ZIP file containing your completed baseline smartwatch project.\n\n**Your submission should include:**\n- Your entire project directory\n- All source files (*.h, *.c, *.cpp)\n- platformio.ini configuration\n- A brief README explaining your implementation\n- A final working demo video\n\n**Baseline Requirements:**\nYour baseline project must demonstrate all Module 1-4 functionality:\n- System power and display\n- Timekeeping with RTC and Wi-Fi sync\n- Touch input and accelerometer\n- Screen navigation and stopwatch\n- RTOS-based architecture\n\n**This submission is required before entering the Design Challenge.**","submission_type":"files","required_files":["README.md"],"rubric":[{"criteria":"Completeness","points":40,"description":"All module requirements implemented"},{"criteria":"Functionality","points":40,"description":"All features work correctly as demonstrated"},{"criteria":"Code quality","points":20,"description":"Clean organization, proper abstractions, documented"}]}',
1, 30, 1),

('lesson-5-challenge', 'mod-5', 'smartwatch-course', 'Design Challenge Submission', 'Submit your extended project for challenge judging.', 'submission',
'{"instructions":"Upload your Design Challenge submission for judging consideration.\n\n**Your submission must include:**\n\n1. **Project ZIP File**\n   - Complete project directory\n   - All source code and assets\n   - platformio.ini\n\n2. **Design Document (PDF)**\n   - Problem statement: What are you solving?\n   - Technical approach: How did you implement it?\n   - Architecture diagram showing your additions\n   - Challenges faced and how you overcame them\n   - Future improvements if you had more time\n\n3. **Demo Video (3-10 minutes)**\n   - Comprehensive demonstration of your extension\n   - Explain the engineering decisions you made\n   - Show the extension working on real hardware\n   - Discuss what makes your project unique\n\n4. **University Verification**\n   - Include your university email address\n   - We will verify student status before awarding prizes\n\n**Judging Criteria:**\n- Technical Innovation (30%)\n- Implementation Quality (25%)\n- User Experience (20%)\n- Documentation (15%)\n- Presentation (10%)","submission_type":"files","required_files":["README.md","DESIGN_DOCUMENT.pdf"],"rubric":[{"criteria":"Technical innovation","points":30,"description":"Novel approach, creative problem solving"},{"criteria":"Implementation quality","points":25,"description":"Clean code, proper architecture, reliable operation"},{"criteria":"User experience","points":20,"description":"Intuitive interface, responsive, polished feel"},{"criteria":"Documentation","points":15,"description":"Clear explanations, architecture diagrams, thorough"},{"criteria":"Presentation","points":10,"description":"Professional demo video, clear communication"}]}',
2, 60, 1);

-- ========================================
-- UPDATE COURSE STATS
-- ========================================
UPDATE courses SET 
  total_lessons = (SELECT COUNT(*) FROM lessons WHERE course_id = 'smartwatch-course' AND is_published = 1),
  total_quizzes = (SELECT COUNT(*) FROM lessons WHERE course_id = 'smartwatch-course' AND content_type = 'quiz' AND is_published = 1)
WHERE id = 'smartwatch-course';
